year,month,anom
1948,1,-0.43
1948,2,-0.11
1948,3,0.12
1948,4,-0.0
1948,5,0.43
1948,6,-0.06
1948,7,0.0
1948,8,-0.22
1948,9,-0.47
1948,10,-0.95
1948,11,-1.01
1948,12,0.12
1949,1,-0.38
1949,2,0.07
1949,3,-0.85
1949,4,-0.22
1949,5,0.03
1949,6,-1.14
1949,7,-0.48
1949,8,-0.5
1949,9,-0.97
1949,10,-0.81
1949,11,-1.64
1949,12,-1.35
1950,1,-1.41
1950,2,-1.47
1950,3,-1.07
1950,4,-1.25
1950,5,-1.35
1950,6,-1.03
1950,7,-0.8
1950,8,-0.92
1950,9,-1.27
1950,10,-0.91
1950,11,-1.29
1950,12,-1.05
1951,1,-1.12
1951,2,-0.6
1951,3,-0.28
1951,4,-0.13
1951,5,-0.03
1951,6,0.1
1951,7,0.25
1951,8,0.4
1951,9,0.32
1951,10,0.57
1951,11,0.44
1951,12,0.38
1952,1,0.19
1952,2,0.09
1952,3,-0.3
1952,4,0.29
1952,5,-0.26
1952,6,-0.79
1952,7,-0.72
1952,8,-0.49
1952,9,-0.4
1952,10,-0.2
1952,11,-0.44
1952,12,-0.6
1953,1,0.27
1953,2,0.18
1953,3,-0.0
1953,4,0.37
1953,5,0.35
1953,6,0.53
1953,7,0.24
1953,8,0.05
1953,9,0.51
1953,10,-0.08
1953,11,0.44
1953,12,-0.14
1954,1,0.09
1954,2,0.24
1954,3,-0.25
1954,4,-0.62
1954,5,-0.49
1954,6,-0.63
1954,7,-0.79
1954,8,-1.16
1954,9,-1.34
1954,10,-0.7
1954,11,-0.8
1954,12,-0.95
1955,1,-0.66
1955,2,-0.74
1955,3,-0.85
1955,4,-0.89
1955,5,-1.28
1955,6,-0.8
1955,7,-1.27
1955,8,-0.92
1955,9,-1.43
1955,10,-1.94
1955,11,-1.9
1955,12,-1.72
1956,1,-1.44
1956,2,-0.79
1956,3,-0.68
1956,4,-0.72
1956,5,-0.63
1956,6,-0.66
1956,7,-0.78
1956,8,-0.92
1956,9,-0.95
1956,10,-0.82
1956,11,-0.85
1956,12,-0.56
1957,1,-0.4
1957,2,-0.16
1957,3,0.0
1957,4,0.36
1957,5,0.54
1957,6,0.17
1957,7,0.35
1957,8,0.81
1957,9,0.33
1957,10,0.63
1957,11,0.79
1957,12,0.96
1958,1,1.37
1958,2,1.35
1958,3,0.91
1958,4,0.44
1958,5,0.35
1958,6,0.28
1958,7,0.1
1958,8,0.15
1958,9,-0.16
1958,10,-0.09
1958,11,0.14
1958,12,0.06
1959,1,0.55
1959,2,0.36
1959,3,0.16
1959,4,0.2
1959,5,0.15
1959,6,-0.29
1959,7,-0.5
1959,8,-0.47
1959,9,-0.49
1959,10,-0.25
1959,11,-0.25
1959,12,-0.24
1960,1,-0.4
1960,2,-0.37
1960,3,-0.21
1960,4,-0.16
1960,5,-0.25
1960,6,-0.43
1960,7,-0.41
1960,8,-0.32
1960,9,-0.3
1960,10,-0.43
1960,11,-0.49
1960,12,-0.34
1961,1,-0.3
1961,2,-0.2
1961,3,-0.41
1961,4,-0.37
1961,5,-0.27
1961,6,-0.03
1961,7,-0.41
1961,8,-0.64
1961,9,-0.82
1961,10,-0.82
1961,11,-0.43
1961,12,-0.57
1962,1,-0.68
1962,2,-0.53
1962,3,-0.49
1962,4,-0.45
1962,5,-0.71
1962,6,-0.48
1962,7,-0.42
1962,8,-0.46
1962,9,-0.77
1962,10,-0.67
1962,11,-0.64
1962,12,-0.72
1963,1,-0.76
1963,2,-0.51
1963,3,-0.29
1963,4,-0.17
1963,5,-0.31
1963,6,-0.41
1963,7,0.52
1963,8,0.42
1963,9,0.44
1963,10,0.57
1963,11,0.47
1963,12,0.57
1964,1,0.48
1964,2,0.28
1964,3,-0.33
1964,4,-0.53
1964,5,-0.88
1964,6,-1.01
1964,7,-0.92
1964,8,-1.14
1964,9,-1.4
1964,10,-1.15
1964,11,-1.37
1964,12,-1.21
1965,1,-0.83
1965,2,-0.47
1965,3,-0.42
1965,4,-0.3
1965,5,-0.08
1965,6,0.37
1965,7,0.51
1965,8,0.68
1965,9,0.61
1965,10,1.07
1965,11,1.02
1965,12,1.04
1966,1,0.78
1966,2,0.44
1966,3,0.66
1966,4,0.28
1966,5,-0.4
1966,6,0.1
1966,7,0.18
1966,8,-0.29
1966,9,-0.34
1966,10,-0.39
1966,11,-0.27
1966,12,-0.53
1967,1,-0.81
1967,2,-0.75
1967,3,-0.58
1967,4,-0.64
1967,5,-0.31
1967,6,-0.1
1967,7,-0.31
1967,8,-0.55
1967,9,-0.79
1967,10,-0.61
1967,11,-0.51
1967,12,-0.52
1968,1,-0.73
1968,2,-0.7
1968,3,-0.78
1968,4,-0.52
1968,5,-0.68
1968,6,0.09
1968,7,0.06
1968,8,0.01
1968,9,-0.24
1968,10,0.12
1968,11,0.53
1968,12,0.45
1969,1,0.96
1969,2,0.99
1969,3,0.5
1969,4,0.38
1969,5,0.46
1969,6,0.2
1969,7,-0.11
1969,8,0.17
1969,9,0.33
1969,10,0.46
1969,11,0.46
1969,12,0.66
1970,1,0.2
1970,2,-0.05
1970,3,0.04
1970,4,0.17
1970,5,-0.12
1970,6,-0.42
1970,7,-0.65
1970,8,-0.88
1970,9,-1.04
1970,10,-0.89
1970,11,-0.96
1970,12,-1.18
1971,1,-1.71
1971,2,-1.46
1971,3,-1.3
1971,4,-0.94
1971,5,-0.92
1971,6,-1.04
1971,7,-0.9
1971,8,-0.93
1971,9,-1.05
1971,10,-1.05
1971,11,-0.92
1971,12,-0.86
1972,1,-0.68
1972,2,-0.2
1972,3,-0.16
1972,4,0.2
1972,5,0.23
1972,6,0.41
1972,7,0.64
1972,8,0.73
1972,9,0.76
1972,10,1.12
1972,11,1.3
1972,12,1.26
1973,1,1.09
1973,2,0.91
1973,3,0.39
1973,4,-0.39
1973,5,-0.64
1973,6,-0.92
1973,7,-1.13
1973,8,-1.24
1973,9,-1.43
1973,10,-1.6
1973,11,-2.05
1973,12,-2.18
1974,1,-2.04
1974,2,-1.6
1974,3,-1.38
1974,4,-1.11
1974,5,-1.08
1974,6,-0.61
1974,7,-0.96
1974,8,-0.57
1974,9,-0.67
1974,10,-1.08
1974,11,-1.11
1974,12,-0.97
1975,1,-0.58
1975,2,-0.57
1975,3,-0.87
1975,4,-0.75
1975,5,-0.98
1975,6,-1.33
1975,7,-1.21
1975,8,-1.47
1975,9,-1.69
1975,10,-1.72
1975,11,-1.51
1975,12,-1.97
1976,1,-1.74
1976,2,-1.04
1976,3,-0.83
1976,4,-0.59
1976,5,-0.61
1976,6,-0.3
1976,7,-0.1
1976,8,-0.01
1976,9,0.16
1976,10,0.52
1976,11,0.66
1976,12,0.36
1977,1,0.57
1977,2,0.25
1977,3,0.18
1977,4,-0.23
1977,5,-0.16
1977,6,0.23
1977,7,0.37
1977,8,-0.01
1977,9,0.26
1977,10,0.59
1977,11,0.61
1977,12,0.61
1978,1,0.52
1978,2,0.31
1978,3,0.02
1978,4,-0.49
1978,5,-0.35
1978,6,-0.47
1978,7,-0.33
1978,8,-0.77
1978,9,-0.45
1978,10,-0.44
1978,11,-0.2
1978,12,0.09
1979,1,0.05
1979,2,0.05
1979,3,0.07
1979,4,0.05
1979,5,-0.06
1979,6,-0.05
1979,7,-0.13
1979,8,-0.2
1979,9,0.17
1979,10,0.04
1979,11,0.33
1979,12,0.48
1980,1,0.44
1980,2,0.35
1980,3,0.18
1980,4,0.13
1980,5,0.23
1980,6,0.3
1980,7,0.1
1980,8,-0.35
1980,9,-0.36
1980,10,-0.2
1980,11,0.08
1980,12,0.1
1981,1,-0.45
1981,2,-0.42
1981,3,-0.11
1981,4,-0.57
1981,5,-0.29
1981,6,-0.33
1981,7,-0.55
1981,8,-0.39
1981,9,-0.22
1981,10,-0.16
1981,11,-0.42
1981,12,-0.12
1982,1,0.07
1982,2,-0.13
1982,3,0.03
1982,4,0.26
1982,5,0.53
1982,6,0.8
1982,7,0.34
1982,8,0.44
1982,9,1.04
1982,10,1.48
1982,11,1.4
1982,12,1.61
1983,1,1.68
1983,2,1.48
1983,3,1.15
1983,4,0.66
1983,5,0.68
1983,6,0.41
1983,7,-0.13
1983,8,-0.23
1983,9,-0.51
1983,10,-1.08
1983,11,-1.04
1983,12,-0.77
1984,1,-0.79
1984,2,-0.47
1984,3,-0.6
1984,4,-0.66
1984,5,-0.69
1984,6,-0.82
1984,7,-0.54
1984,8,-0.46
1984,9,-0.41
1984,10,-0.74
1984,11,-0.97
1984,12,-1.21
1985,1,-0.8
1985,2,-0.83
1985,3,-0.88
1985,4,-1.01
1985,5,-0.88
1985,6,-0.85
1985,7,-0.49
1985,8,-0.46
1985,9,-0.47
1985,10,-0.4
1985,11,-0.29
1985,12,-0.25
1986,1,-0.5
1986,2,-0.32
1986,3,-0.3
1986,4,-0.29
1986,5,-0.22
1986,6,-0.06
1986,7,0.13
1986,8,0.33
1986,9,0.51
1986,10,0.52
1986,11,1.01
1986,12,0.94
1987,1,0.84
1987,2,0.9
1987,3,0.87
1987,4,0.59
1987,5,0.63
1987,6,0.84
1987,7,0.98
1987,8,1.05
1987,9,1.18
1987,10,1.15
1987,11,1.08
1987,12,0.89
1988,1,0.74
1988,2,0.15
1988,3,0.1
1988,4,-0.45
1988,5,-1.09
1988,6,-1.35
1988,7,-1.28
1988,8,-1.1
1988,9,-1.02
1988,10,-1.72
1988,11,-1.89
1988,12,-1.75
1989,1,-1.81
1989,2,-1.36
1989,3,-1.11
1989,4,-1.04
1989,5,-0.72
1989,6,-0.57
1989,7,-0.52
1989,8,-0.73
1989,9,-0.38
1989,10,-0.35
1989,11,-0.45
1989,12,0.07
1990,1,-0.01
1990,2,0.35
1990,3,0.12
1990,4,0.27
1990,5,0.15
1990,6,0.02
1990,7,0.27
1990,8,0.22
1990,9,0.22
1990,10,0.31
1990,11,0.22
1990,12,0.37
1991,1,0.58
1991,2,0.41
1991,3,0.24
1991,4,0.45
1991,5,0.45
1991,6,0.59
1991,7,0.7
1991,8,0.73
1991,9,0.42
1991,10,0.89
1991,11,1.06
1991,12,1.27
1992,1,1.34
1992,2,1.32
1992,3,1.19
1992,4,1.17
1992,5,0.97
1992,6,0.57
1992,7,0.37
1992,8,0.09
1992,9,-0.03
1992,10,-0.17
1992,11,-0.06
1992,12,-0.0
1993,1,0.35
1993,2,0.43
1993,3,0.36
1993,4,0.63
1993,5,0.86
1993,6,0.39
1993,7,0.2
1993,8,0.26
1993,9,0.33
1993,10,0.22
1993,11,0.29
1993,12,0.34
1994,1,0.22
1994,2,-0.09
1994,3,0.13
1994,4,0.21
1994,5,0.25
1994,6,0.32
1994,7,0.38
1994,8,0.51
1994,9,0.38
1994,10,0.78
1994,11,0.97
1994,12,1.08
1995,1,0.84
1995,2,0.8
1995,3,0.52
1995,4,0.32
1995,5,0.12
1995,6,0.02
1995,7,-0.03
1995,8,-0.49
1995,9,-0.63
1995,10,-0.75
1995,11,-0.88
1995,12,-0.77
1996,1,-0.68
1996,2,-0.65
1996,3,-0.5
1996,4,-0.31
1996,5,-0.25
1996,6,-0.26
1996,7,-0.31
1996,8,-0.2
1996,9,-0.33
1996,10,-0.27
1996,11,-0.19
1996,12,-0.39
1997,1,-0.25
1997,2,-0.08
1997,3,0.05
1997,4,0.44
1997,5,0.72
1997,6,0.91
1997,7,1.21
1997,8,1.4
1997,9,1.63
1997,10,1.69
1997,11,1.85
1997,12,1.78
1998,1,1.81
1998,2,1.53
1998,3,1.06
1998,4,0.55
1998,5,0.59
1998,6,-0.44
1998,7,-0.53
1998,8,-0.74
1998,9,-0.97
1998,10,-1.16
1998,11,-1.08
1998,12,-1.45
1999,1,-1.68
1999,2,-1.28
1999,3,-0.9
1999,4,-0.71
1999,5,-0.78
1999,6,-0.76
1999,7,-0.89
1999,8,-1.02
1999,9,-0.87
1999,10,-0.95
1999,11,-1.33
1999,12,-1.43
2000,1,-1.41
2000,2,-1.26
2000,3,-1.07
2000,4,-0.81
2000,5,-0.84
2000,6,-0.55
2000,7,-0.54
2000,8,-0.35
2000,9,-0.33
2000,10,-0.56
2000,11,-0.61
2000,12,-0.89
2001,1,-0.74
2001,2,-0.7
2001,3,-0.39
2001,4,-0.26
2001,5,-0.14
2001,6,0.0
2001,7,0.13
2001,8,0.07
2001,9,-0.04
2001,10,0.13
2001,11,-0.11
2001,12,-0.27
2002,1,0.01
2002,2,0.15
2002,3,0.22
2002,4,0.28
2002,5,0.4
2002,6,0.65
2002,7,0.66
2002,8,0.67
2002,9,0.81
2002,10,0.93
2002,11,1.2
2002,12,1.25
2003,1,0.58
2003,2,0.68
2003,3,0.54
2003,4,0.22
2003,5,-0.26
2003,6,0.12
2003,7,0.26
2003,8,0.3
2003,9,0.21
2003,10,0.49
2003,11,0.44
2003,12,0.43
2004,1,0.43
2004,2,0.36
2004,3,0.07
2004,4,0.24
2004,5,0.19
2004,6,0.27
2004,7,0.57
2004,8,0.65
2004,9,0.67
2004,10,0.74
2004,11,0.83
2004,12,0.82
2005,1,0.77
2005,2,0.48
2005,3,0.55
2005,4,0.4
2005,5,0.33
2005,6,0.27
2005,7,-0.02
2005,8,0.07
2005,9,0.05
2005,10,0.1
2005,11,-0.26
2005,12,-0.65
2006,1,-0.69
2006,2,-0.63
2006,3,-0.62
2006,4,-0.14
2006,5,0.02
2006,6,0.19
2006,7,0.26
2006,8,0.51
2006,9,0.66
2006,10,0.76
2006,11,0.99
2006,12,1.08
2007,1,0.69
2007,2,0.27
2007,3,0.06
2007,4,-0.01
2007,5,-0.23
2007,6,-0.02
2007,7,-0.24
2007,8,-0.53
2007,9,-0.9
2007,10,-1.07
2007,11,-1.36
2007,12,-1.42
2008,1,-1.6
2008,2,-1.64
2008,3,-1.14
2008,4,-0.89
2008,5,-0.75
2008,6,-0.55
2008,7,-0.17
2008,8,-0.15
2008,9,-0.29
2008,10,-0.27
2008,11,-0.39
2008,12,-0.74
2009,1,-0.86
2009,2,-0.65
2009,3,-0.58
2009,4,-0.15
2009,5,0.22
2009,6,0.54
2009,7,0.6
2009,8,0.61
2009,9,0.63
2009,10,0.97
2009,11,1.38
2009,12,1.59
2010,1,1.33
2010,2,1.2
2010,3,0.93
2010,4,0.59
2010,5,0.0
2010,6,-0.38
2010,7,-0.8
2010,8,-1.08
2010,9,-1.34
2010,10,-1.49
2010,11,-1.39
2010,12,-1.43
2011,1,-1.4
2011,2,-1.07
2011,3,-0.79
2011,4,-0.65
2011,5,-0.46
2011,6,-0.21
2011,7,-0.18
2011,8,-0.56
2011,9,-0.69
2011,10,-0.9
2011,11,-0.92
2011,12,-0.99
2012,1,-0.91
2012,2,-0.64
2012,3,-0.53
2012,4,-0.29
2012,5,-0.21
2012,6,0.05
2012,7,0.23
2012,8,0.45
2012,9,0.29
2012,10,0.26
2012,11,0.33
2012,12,-0.01
2013,1,-0.3
2013,2,-0.37
2013,3,-0.23
2013,4,-0.09
2013,5,-0.25
2013,6,-0.28
2013,7,-0.23
2013,8,-0.34
2013,9,-0.1
2013,10,-0.15
2013,11,0.12
2013,12,-0.16
2014,1,-0.25
2014,2,-0.23
2014,3,0.12
2014,4,0.44
2014,5,0.53
2014,6,0.41
2014,7,0.13
2014,8,0.15
2014,9,0.31
2014,10,0.45
2014,11,0.84
2014,12,0.78
2015,1,0.63
2015,2,0.67
2015,3,0.74
2015,4,1.07
2015,5,1.1
2015,6,1.23
2015,7,1.35
2015,8,1.49
2015,9,1.67
2015,10,1.91
2015,11,2.21
2015,12,2.13
2016,1,2.13
2016,2,1.87
2016,3,1.5
2016,4,1.08
2016,5,0.63
2016,6,0.37
2016,7,0.01
2016,8,-0.1
2016,9,-0.21
2016,10,-0.39
2016,11,-0.37
2016,12,-0.17
2017,1,-0.23
2017,2,0.22
2017,3,0.18
2017,4,0.35
2017,5,0.4
2017,6,0.45
2017,7,0.38
2017,8,0.05
2017,9,-0.2
2017,10,-0.12
2017,11,-0.44
2017,12,-0.65
2018,1,-0.64
2018,2,-0.48
2018,3,-0.49
2018,4,-0.11
2018,5,0.18
2018,6,0.31
2018,7,0.39
2018,8,0.35
2018,9,0.5
2018,10,1.01
2018,11,1.15
2018,12,1.1
2019,1,0.88
2019,2,0.87
2019,3,0.92
2019,4,0.82
2019,5,0.83
2019,6,0.8
2019,7,0.65
2019,8,0.35
2019,9,0.18
2019,10,0.78
2019,11,0.82
2019,12,0.73
2020,1,0.84
2020,2,0.67
2020,3,0.65
2020,4,0.66
2020,5,0.05
2020,6,-0.05
2020,7,0.08
2020,8,-0.29
2020,9,-0.66
2020,10,-0.9
2020,11,-0.89
2020,12,-1.02
2021,1,-1.12
2021,2,-1.0
2021,3,-0.64
2021,4,-0.47
2021,5,-0.25
2021,6,-0.03
2021,7,-0.18
2021,8,-0.36
2021,9,-0.49
2021,10,-0.74
2021,11,-0.69
2021,12,-0.89
2022,1,-0.56
2022,2,-0.55
2022,3,-0.67
2022,4,-0.74
2022,5,-0.78
2022,6,-0.52
2022,7,-0.5
2022,8,-0.8
2022,9,-0.93
2022,10,-0.83
2022,11,-0.74
2022,12,-0.63
2023,1,-0.57
2023,2,-0.47
2023,3,-0.08
2023,4,0.25
2023,5,0.49
2023,6,0.86
2023,7,0.97
2023,8,1.2
2023,9,1.41
2023,10,1.51
2023,11,1.86
2023,12,1.76
2024,1,1.64
2024,2,1.39
2024,3,1.04
2024,4,0.98
2024,5,0.5
2024,6,0.37
2024,7,0.4
2024,8,0.19
2024,9,-0.1
2024,10,-0.01
2024,11,-0.03
2024,12,-0.52
2025,1,-0.64
2025,2,-0.42
2025,3,0.04
2025,4,-0.05
2025,5,0.07
2025,6,0.15
2025,7,0.14
2025,8,-0.15
2025,9,-0.32
2025,10,-0.42
2025,11,-0.54
2025,12,-0.39
2026,1,-0.4
2026,2,-0.02
2026,3,0.22
2026,4,0.74
2026,5,1.09
2026,6,1.58
2026,7,1.73
